,county_name,HC01_VC03_Estimate; SEX AND AGE - Total population,HC01_VC23_Estimate; SEX AND AGE - Median age (years),HC03_VC04_Percent; SEX AND AGE - Total population - Male,HC03_VC05_Percent; SEX AND AGE - Total population - Female,HC03_VC11_Percent; SEX AND AGE - 15 to 19 years,HC03_VC88_Percent; HISPANIC OR LATINO AND RACE - Total population - Hispanic or Latino (of any race),HC03_VC94_Percent; HISPANIC OR LATINO AND RACE - Total population - Not Hispanic or Latino - White alone,HC03_VC95_Percent; HISPANIC OR LATINO AND RACE - Total population - Not Hispanic or Latino - Black or African American alone,HC03_VC96_Percent; HISPANIC OR LATINO AND RACE - Total population - Not Hispanic or Latino - American Indian and Alaska Native alone,HC03_VC97_Percent; HISPANIC OR LATINO AND RACE - Total population - Not Hispanic or Latino - Asian alone,"HC03_VC108_Percent; CITIZEN, VOTING AGE POPULATION - Citizen, 18 and over population",target,grads, Bachelor's Starting Salary,Master's Starting Salary,HD01_VD01_Estimate; Total:,"HD01_VD02_Estimate; Total: - Less than $10,000","HD01_VD03_Estimate; Total: - $10,000 to $14,999","HD01_VD04_Estimate; Total: - $15,000 to $19,999","HD01_VD05_Estimate; Total: - $20,000 to $24,999","HD01_VD06_Estimate; Total: - $25,000 to $29,999","HD01_VD07_Estimate; Total: - $30,000 to $34,999","HD01_VD08_Estimate; Total: - $35,000 to $39,999","HD01_VD09_Estimate; Total: - $40,000 to $49,999","HD01_VD10_Estimate; Total: - $50,000 to $59,999","HD01_VD11_Estimate; Total: - $60,000 to $69,999","HD01_VD12_Estimate; Total: - $70,000 to $79,999","HD01_VD13_Estimate; Total: - $80,000 to $89,999","HD01_VD14_Estimate; Total: - $90,000 to $99,999","HD01_VD15_Estimate; Total: - $100,000 to $124,999","HD01_VD16_Estimate; Total: - $125,000 to $149,999","HD01_VD17_Estimate; Total: - $150,000 to $174,999","HD01_VD18_Estimate; Total: - $175,000 to $199,999","HD01_VD19_Estimate; Total: - $200,000 to $249,999","HD01_VD20_Estimate; Total: - $250,000 to $299,999","HD01_VD21_Estimate; Total: - $300,000 to $399,999","HD01_VD22_Estimate; Total: - $400,000 to $499,999","HD01_VD23_Estimate; Total: - $500,000 to $749,999","HD01_VD24_Estimate; Total: - $750,000 to $999,999","HD01_VD25_Estimate; Total: - $1,000,000 to $1,499,999","HD01_VD26_Estimate; Total: - $1,500,000 to $1,999,999","HD01_VD27_Estimate; Total: - $2,000,000 or more",Diabetes%,% Single-Parent Households,% Smokers,% Obese,Teen Birth Rate,Income Ratio,Violent Crime Rate
0,Accomack County,33115,45.3,48.7,51.3,5.6,8.8,60.9,28.6,0.4,0.1,24572,62.561151079136685,139,35580.0,38299.0,9919,0.03669724770642202,0.020566589373928825,0.011291460832745237,0.021070672446819236,0.0076620627079342675,0.02248210505091239,0.011392277447323318,0.033168666196189134,0.022179655207178142,0.03115233390462748,0.05282790603891521,0.03750378062304668,0.03437846557112612,0.08287125718318379,0.06069160197600565,0.10676479483818933,0.06694223207984676,0.11049500957757838,0.0920455691097893,0.07026918036092349,0.030849884060893236,0.02338945458211513,0.009476761770339752,0.0027220485936082267,0.0011089827603589072,0.0,12.7,40,21.0,35,60.0,5.4,188
1,Albemarle County,103108,38.6,47.9,52.1,9.1,5.7,77.4,9.3,0.2,4.4,76013,69.00637958532695,627,44820.0,47035.0,25281,0.018788813733633954,0.00533997864008544,0.006645306752106325,0.003401764170721095,0.00470709228274198,0.003045765594715399,0.0007911079466793244,0.003401764170721095,0.003401764170721095,0.0018591036746964124,0.003203987184051264,0.0029270994027135004,0.010838178869506745,0.026225228432419603,0.02594834065108184,0.05612910881689807,0.04813891855543689,0.12230528855662355,0.12918792769273368,0.17218464459475497,0.1062062418416993,0.1446145326529805,0.052490012262173175,0.031446540880503145,0.005142201653415609,0.01162928681618607,6.2,21,12.0,26,12.0,4.7,117
2,Alleghany County,16066,47.2,49.1,50.9,5.8,1.4,92.0,5.3,0.0,0.2,12728,75.0,122,37436.0,40436.0,5337,0.02304665542439573,0.002810567734682406,0.020798201236649803,0.0022484541877459247,0.006370620198613453,0.013865467491099868,0.015551808131909312,0.04009743301480232,0.060146149522203485,0.046842795578040095,0.05265130222971707,0.08131909312347761,0.06089563425145213,0.15270751358441073,0.08338017612891137,0.1111111111111111,0.04009743301480232,0.06839048154393854,0.04309537193179689,0.04759228030728874,0.01517706576728499,0.010867528574105303,0.0,0.0,0.000936855911560802,0.0,13.2,27,25.0,26,45.0,4.8,110
3,Amelia County,12777,45.8,50.8,49.2,6.2,1.0,72.3,24.3,0.4,0.1,10041,70.0,64,38760.0,41031.0,3824,0.019089958158995817,0.010198744769874478,0.007845188284518828,0.0,0.0,0.022751046025104603,0.0,0.013598326359832637,0.005230125523012552,0.024843096234309622,0.01856694560669456,0.056485355648535567,0.010721757322175732,0.14932008368200836,0.05726987447698745,0.125,0.059884937238493724,0.1419979079497908,0.1032949790794979,0.09178870292887029,0.043148535564853555,0.029288702928870293,0.003399581589958159,0.0041841004184100415,0.0,0.0020920502092050207,12.1,22,20.0,34,39.0,3.8,166
4,Amherst County,32148,43.6,48.1,51.9,7.4,2.1,75.6,18.4,0.3,0.7,25274,57.0,126,39000.0,41888.0,9534,0.020558002936857563,0.0118523180197189,0.009964338158170757,0.002936857562408223,0.0018879798615481435,0.0024124187119781834,0.0017830920914621356,0.017306482064191317,0.023494860499265784,0.024229074889867842,0.03199076987623243,0.05894692678833648,0.04982169079085379,0.11642542479546884,0.12565554856303754,0.13247325361862808,0.08904971680302076,0.09890916719110551,0.0684917138661632,0.048248374239563664,0.035452066289070695,0.016886930983847283,0.0062932662051604785,0.0022026431718061676,0.0,0.0027270820222362073,12.1,36,16.0,30,31.0,4.3,77
5,Appomattox County,15208,42.3,48.5,51.5,6.0,1.2,76.7,20.3,0.2,0.1,11825,64.0,87,39283.0,41383.0,4794,0.030037546933667083,0.02252816020025031,0.018564872757613683,0.007509386733416771,0.002920317062995411,0.011264080100125156,0.001668752607425949,0.020859407592824362,0.02065081351689612,0.03024614100959533,0.04943679599499374,0.054025865665415104,0.04755944931163955,0.10408844388819358,0.08468919482686692,0.10721735502711723,0.08677513558614935,0.12411347517730496,0.07259073842302878,0.0688360450563204,0.005632040050062578,0.01835627868168544,0.00458906967042136,0.00229453483521068,0.0035460992907801418,0.0,15.6,39,25.0,31,40.0,4.7,86
6,Arlington County,223945,33.9,50.0,50.0,3.5,15.5,63.0,8.3,0.3,9.9,159816,67.19210526315788,760,48228.0,53173.0,43697,0.006430647412865872,0.0004119275922832231,0.0006865459871387052,0.0012586676430876261,0.0018079044327985903,0.0008696249170423598,0.00013730919742774102,0.00048058219099709364,0.0018079044327985903,0.002860608279744605,0.0019223287639883746,0.0010298189807080578,0.0008009703183284894,0.007437581527335973,0.006361992814152001,0.01295283429068357,0.00876490376913747,0.025356431791656177,0.05119344577430945,0.11858937684509234,0.12202210678078587,0.29427649495388697,0.20841247682907293,0.09163100441677918,0.023983339817378768,0.008513170240519945,4.6,23,10.0,18,20.0,4.0,150
7,Augusta County,74053,44.2,50.6,49.4,6.1,2.4,91.8,4.0,0.2,0.6,58336,62.559036144578315,415,39400.0,41979.0,22341,0.03204869970010295,0.01047401638243588,0.020724228996016295,0.005550333467615595,0.0026856452262656104,0.002148516181012488,0.0028199274875788907,0.00613222326663981,0.010250212613580412,0.0103397341211226,0.010160691106038226,0.016158632111364757,0.01736717246318428,0.06329170583232621,0.06866299628485743,0.126851976187279,0.10505348910075646,0.16042254151559912,0.1019202363367799,0.1255091535741462,0.03921042030347791,0.042970323620249766,0.008280739447652298,0.0056398549751577815,0.0027304059800367037,0.0025961237187234233,14.8,25,18.0,28,31.0,3.6,111
8,Bath County,4583,48.3,48.7,51.3,5.4,3.5,91.2,3.4,0.0,0.0,3557,81.0,26,34781.0,37781.0,1495,0.06688963210702341,0.042140468227424746,0.0,0.012709030100334449,0.0,0.0,0.016053511705685617,0.013377926421404682,0.0,0.04280936454849498,0.09498327759197324,0.044816053511705686,0.06220735785953177,0.04548494983277592,0.04013377926421405,0.12374581939799331,0.1157190635451505,0.049498327759197325,0.08093645484949832,0.03277591973244147,0.0,0.06555183946488294,0.031438127090301006,0.010702341137123745,0.008026755852842809,0.0,3.8,37,,30,18.0,3.8,35
9,Bedford County,76463,45.3,49.1,50.9,6.3,1.9,88.4,7.1,0.1,1.2,59639,62.91923990498812,421,39227.0,41188.0,24850,0.03167002012072435,0.005754527162977867,0.008249496981891348,0.008450704225352112,0.0030181086519114686,0.005553319919517102,0.003903420523138833,0.00869215291750503,0.010824949698189135,0.01851106639839034,0.02386317907444668,0.02317907444668008,0.028611670020120723,0.060925553319919515,0.08189134808853119,0.1006841046277666,0.08865191146881288,0.1482897384305835,0.10832997987927566,0.12551307847082496,0.03835010060362173,0.043219315895372236,0.01420523138832998,0.006036217303822937,0.0027364185110663984,0.0008853118712273642,12.8,24,19.0,27,24.0,3.9,160
10,Bland County,6662,44.8,55.8,44.2,5.1,1.3,93.1,5.0,0.0,0.0,5510,71.0,49,33510.0,34950.0,2089,0.022498803255146003,0.013403542364767831,0.02584968884633796,0.018669219722355194,0.010531354715174725,0.052656773575873624,0.028721876495931067,0.03350885591191958,0.03733843944471039,0.03542364767831498,0.04451890856869316,0.12111057922450934,0.05409286740067018,0.13164193393968407,0.0665390138822403,0.05457156534226903,0.053614169459071326,0.05169937769267592,0.0440402106270943,0.05457156534226903,0.014839636189564385,0.005265677357587362,0.009573958831977022,0.015318334131163236,0.0,0.0,13.4,17,,31,36.0,4.1,53
11,Botetourt County,33155,46.4,49.5,50.5,6.6,1.4,93.2,3.4,0.3,0.2,26039,76.20912547528516,263,38350.0,41350.0,11314,0.024129397207000178,0.003181898532791232,0.004949619939897472,0.0066289552766484,0.00132579105532968,0.0022096517588828,0.00397737316598904,0.006452183135937776,0.003447056743857168,0.013081138412586176,0.014230157327205232,0.01935654940781333,0.031111896765069823,0.07327205232455365,0.07707265334983207,0.10102527841612162,0.088386070355312,0.15379176241824288,0.1282481880855577,0.11764185964292027,0.05859996464557186,0.05205939543927877,0.008219904543044016,0.005479936362029344,0.0,0.0021212656885274883,9.7,17,14.0,27,16.0,3.7,84
12,Brunswick County,16930,41.7,52.5,47.5,6.7,1.9,40.7,55.7,0.3,0.4,13755,53.0,57,37132.0,39864.0,4319,0.04746469090067145,0.008335262792313036,0.007640657559620283,0.029636489928224125,0.0037045612410280156,0.024311183144246355,0.005325306783977773,0.0236165779115536,0.07941653160453808,0.04700162074554295,0.07571197036351007,0.08427876823338736,0.030099560083352628,0.1616114841398472,0.0812688122250521,0.06181986570965501,0.024079648066682103,0.07663811067376708,0.03102570039360963,0.060199120166705256,0.004399166473720769,0.01389210465385506,0.008335262792313036,0.003473026163463765,0.006714517249363279,0.0,13.0,45,30.0,34,42.0,4.7,91
13,Buchanan County,23486,45.5,50.6,49.4,5.4,0.3,95.4,2.7,0.1,0.5,19176,59.194630872483216,149,30500.0,32800.0,7449,0.08027923211169284,0.03087662773526648,0.015706806282722512,0.03544099879178413,0.04148207813129279,0.0393341388105786,0.01852597664115989,0.09424083769633508,0.06457242582897033,0.06470667203651496,0.09880520875285273,0.08162169418713922,0.03221908981071285,0.07839978520606793,0.042958786414283794,0.03557524499932877,0.02268760907504363,0.04107933950865888,0.013290374546919049,0.045240971942542625,0.002953416565982011,0.012484897301651228,0.0,0.0014767082829910056,0.0021479393207141898,0.0038931400187944692,8.3,41,30.0,29,48.0,5.0,145
14,Buckingham County,17068,42.2,55.5,44.5,5.2,2.2,61.0,34.4,0.1,0.5,13627,63.0,80,41156.0,43198.0,4347,0.05152979066022544,0.01840349666436623,0.010582010582010581,0.018173452956061653,0.008511617207269381,0.00023004370830457787,0.0197837589141937,0.026685070163331034,0.028295376121463076,0.04899930986887509,0.033126293995859216,0.05360018403496664,0.031055900621118012,0.1299746951920865,0.07683459857372901,0.11916264090177134,0.07453416149068323,0.11985277202668507,0.05014952841039798,0.05037957211870255,0.008971704623878536,0.011272141706924315,0.005981136415919025,0.003910743041177824,0.0,0.0,14.9,40,22.0,32,42.0,4.7,154
15,Campbell County,55012,42.4,48.5,51.5,6.6,1.9,80.6,13.9,0.2,0.8,42668,62.137724550898206,334,37664.0,39702.0,16572,0.05340333091962346,0.020395848419020035,0.013818489017620082,0.01243060584117789,0.008508327299058652,0.008991069273473328,0.0029567945932898864,0.019309678976587013,0.021119961380642045,0.016292541636495295,0.030231716147719044,0.03554187786628047,0.030292058894520878,0.11265990827902486,0.10511706492879556,0.1463915037412503,0.10258266956311851,0.11911658218682114,0.055756698044895005,0.0515327057687666,0.013878831764421916,0.011646150132754043,0.003741250301713734,0.0032585083272990588,0.0005430847212165098,0.0004827419744146754,9.5,34,22.0,31,31.0,4.4,123
16,Caroline County,29349,39.1,49.4,50.6,5.8,4.0,63.8,28.6,0.6,0.8,22387,64.0,70,39700.0,40950.0,8855,0.02111801242236025,0.008582721626199887,0.005420666290231507,0.009599096555618294,0.0012422360248447205,0.003952569169960474,0.0,0.00564652738565782,0.008582721626199887,0.017391304347826087,0.023941276115189158,0.01852060982495765,0.010954263128176172,0.09904009034443817,0.08661773009599097,0.12546583850931678,0.11462450592885376,0.15324675324675324,0.12094861660079051,0.10717108977978543,0.025974025974025976,0.01818181818181818,0.00564652738565782,0.0037267080745341614,0.00022586109542631282,0.0041784302653867875,11.8,37,21.0,30,43.0,3.8,138
17,Carroll County,29856,46.1,50.1,49.9,5.7,2.9,95.3,0.8,0.0,0.2,23665,75.0,135,36890.0,39368.0,9915,0.038830055471507814,0.008068582955118508,0.007564296520423601,0.014926878466969239,0.01956631366616238,0.013111447302067574,0.008169440242057489,0.03499747856782653,0.05002521432173475,0.052143217347453356,0.0583963691376702,0.07786182551689359,0.07634896621280887,0.12728189611699445,0.08229954614220877,0.11870902672718103,0.03277861825516894,0.07231467473524962,0.05083207261724659,0.029752899646999495,0.007362581946545638,0.004135148764498235,0.006354009077155824,0.004236006051437216,0.003933434190620273,0.0,15.9,32,33.0,30,43.0,4.1,110
18,Charles City County,7118,48.6,49.5,50.5,5.1,1.7,40.9,48.0,6.4,0.3,5886,54.0,24,37425.0,39143.0,2344,0.011092150170648464,0.017064846416382253,0.007252559726962458,0.00938566552901024,0.00938566552901024,0.0038395904436860067,0.005546075085324232,0.015358361774744027,0.017918088737201365,0.037969283276450515,0.04308873720136519,0.03370307167235495,0.04948805460750853,0.10708191126279863,0.0908703071672355,0.10708191126279863,0.09257679180887372,0.12713310580204779,0.07295221843003413,0.05460750853242321,0.027303754266211604,0.027303754266211604,0.020904436860068258,0.00469283276450512,0.0063993174061433445,0.0,13.9,40,,36,24.0,4.2,82
19,Charlotte County,12313,44.6,49.8,50.2,7.0,0.7,66.8,31.2,0.1,0.1,9587,66.0,96,38500.0,46564.0,3281,0.034745504419384336,0.028649801889667783,0.0021334958854007926,0.025601950624809508,0.011277049679975617,0.01462968607131972,0.01341054556537641,0.04236513258153002,0.0819871990246876,0.09021639743980493,0.060347455044193844,0.0731484303565986,0.049679975617189884,0.10362694300518134,0.05028954587016154,0.09356903383114903,0.04236513258153002,0.046936909478817436,0.022554099359951233,0.0365742151782993,0.03718378543127095,0.017677537336177995,0.0,0.015239256324291375,0.0051813471502590676,0.0006095702529716549,9.3,44,26.0,31,41.0,4.3,148
20,Chesterfield County,328176,38.2,48.1,51.9,7.7,7.7,63.7,22.3,0.2,3.4,234210,67.10086890819795,2647,42734.0,44871.0,89151,0.01085798252403226,0.004924229677737771,0.0038249711164204552,0.002333120211775527,0.0013011631950286592,0.0014918509046449283,0.00020190463371134366,0.0021199986539691086,0.0022546017431100043,0.001974178640733138,0.004408251169364337,0.006573117519713744,0.008143486893024195,0.05076779845430786,0.08350999988783075,0.13288689975434936,0.11700373523572366,0.19471458536640082,0.12777198236699533,0.13868604951150296,0.05301118327332279,0.036668124866799025,0.008244439209879866,0.0033314264562371706,0.0006730154457044789,0.002321903287680452,9.2,28,16.0,27,20.0,3.6,135
21,Clarke County,14299,45.7,49.2,50.8,7.5,4.1,87.4,5.5,0.4,0.9,10916,64.0,101,40200.0,44450.0,4195,0.004529201430274136,0.003098927294398093,0.004529201430274136,0.0014302741358760429,0.003098927294398093,0.0,0.0,0.0,0.0,0.008581644815256258,0.004767580452920143,0.0,0.01692491060786651,0.0266984505363528,0.02097735399284863,0.053158522050059595,0.05268176400476758,0.12371871275327771,0.09892729439809297,0.26054827175208584,0.1506555423122765,0.09392133492252681,0.03742550655542312,0.020738974970202623,0.004290822407628129,0.009296781883194279,10.4,19,,30,22.0,3.9,122
22,Craig County,5212,47.1,48.0,52.0,4.5,0.0,96.0,0.2,0.0,0.4,4041,69.0,26,31794.0,33294.0,1794,0.0189520624303233,0.0189520624303233,0.016722408026755852,0.0,0.0,0.0,0.0,0.023411371237458192,0.029542920847268672,0.027313266443701228,0.005574136008918618,0.0005574136008918618,0.0875139353400223,0.15105908584169453,0.1020066889632107,0.1527313266443701,0.12207357859531773,0.09141583054626533,0.027870680044593088,0.09531772575250837,0.017279821627647716,0.011705685618729096,0.0,0.0,0.0,0.0,8.3,14,,32,31.0,3.6,71
23,Culpeper County,48424,38.9,50.4,49.6,6.7,9.0,71.5,13.9,0.3,1.4,34159,58.11290322580645,248,39000.0,41000.0,12023,0.010147217832487732,0.005239956749563337,0.0018298261665141812,0.00407552191632704,0.001164434833236297,0.0,0.0,0.005323130666223072,0.003992347999667304,0.004574565416285453,0.006071695916160692,0.0048240871662646595,0.011062130915744822,0.03593113199700574,0.07019878566081676,0.08991100390917409,0.07269400316060884,0.16834400731930466,0.1466356150711137,0.2224902270647925,0.0686184812442818,0.053397654495550194,0.006238043749480163,0.002661565333111536,0.002162521833153123,0.0024120435831323297,8.8,32,15.0,32,37.0,3.8,187
24,Cumberland County,9859,44.3,50.1,49.9,6.5,0.1,63.0,33.1,0.5,0.0,7749,66.0,58,37225.0,39225.0,2893,0.020739716557207053,0.007950224680262703,0.0,0.0,0.0197027307293467,0.013135153819564467,0.00414794331144141,0.04666436225371587,0.020394054614586935,0.04251641894227445,0.03905979951607328,0.062219149671621156,0.040096785343933634,0.11510542689249914,0.13307984790874525,0.09643968199101279,0.027652955409609402,0.14275838230210855,0.057034220532319393,0.08330452817144833,0.010024196335983409,0.017974421016246113,0.0,0.0,0.0,0.0,13.2,42,23.0,33,27.0,4.0,145
25,Dickenson County,15463,43.4,50.8,49.2,5.5,0.8,98.0,0.9,0.0,0.1,12150,65.69811320754717,53,34483.0,35919.0,4805,0.06534859521331945,0.055150884495317375,0.03392299687825182,0.024141519250780438,0.040998959417273675,0.019562955254942768,0.03329864724245578,0.0659729448491155,0.06118626430801249,0.07263267429760666,0.06847034339229968,0.05390218522372529,0.05535900104058273,0.11009365244536941,0.06368366285119667,0.0595213319458897,0.025806451612903226,0.040166493236212276,0.017273673257023933,0.012070759625390219,0.008532778355879293,0.007700312174817898,0.0006243496357960458,0.0029136316337148803,0.0,0.0016649323621227888,10.1,33,32.0,29,53.0,4.6,106
26,Dinwiddie County,28110,42.4,49.6,50.4,6.6,2.8,62.6,32.8,0.1,0.4,21845,61.0,139,40920.0,42821.0,7617,0.03045818563739005,0.009189969804384928,0.00420112905343311,0.01063410791650256,0.0,0.00892739923854536,0.010765393199422345,0.009715110936064067,0.03347774714454509,0.016935801496652227,0.035447026388341865,0.04358671392936852,0.05185768675331495,0.07877116975187082,0.13141656820270448,0.11645004594984902,0.1209137455691217,0.10424051463830905,0.08152816069318629,0.05238282788499409,0.02323749507680189,0.013653669423657607,0.0072206905605881585,0.0035447026388341868,0.0,0.0014441381121176316,13.6,40,28.0,34,31.0,3.7,179
27,Essex County,11151,44.8,46.3,53.7,6.7,0.5,55.3,41.0,0.8,0.0,8851,68.0,53,39450.0,41450.0,3189,0.03417999372844152,0.007212292254625274,0.00658513640639699,0.0,0.006898714330511132,0.01317027281279398,0.0021950454687989967,0.010034493571652555,0.00533082470994042,0.030103480714957668,0.04264659767952336,0.017560363750391973,0.06773283160865474,0.11445594230166196,0.06679209783631232,0.1301348385073691,0.06867356538099718,0.17685794920037629,0.05644402634054563,0.09031044214487301,0.018187519598620257,0.020696142991533398,0.0,0.013797428661022263,0.0,0.0,11.8,32,,29,45.0,4.0,195
28,Fairfax County,1128722,37.4,49.5,50.5,6.4,16.1,52.6,9.1,0.1,18.3,712214,70.91790778029308,8393,47046.0,52856.0,265693,0.008679189892093507,0.0010576116043704577,0.0009785730147199964,0.0006774736255753821,0.0006737098832110745,0.0008506057743335353,0.0006586549137538437,0.0013587109935150718,0.001392584674793841,0.0015243156575446097,0.0015544255964590713,0.001708739033395686,0.00222060799494153,0.007512429759158126,0.007753309270473818,0.012608536920430723,0.01178427734264734,0.040618307595608465,0.05517269931838626,0.1651003225527206,0.17466399190042642,0.31287613900253297,0.11645395249404387,0.04776941808779305,0.013617219874065181,0.010734193223005499,5.9,18,11.0,20,15.0,3.8,90
29,Fauquier County,67463,41.5,49.4,50.6,6.9,7.0,81.1,7.4,0.1,1.2,49173,68.66296296296296,540,42315.0,44431.0,18674,0.009050016065117275,0.001071007818357074,0.002838170718646246,0.004069829709756881,0.0004819535182606833,0.003373674627824783,0.0007497054728499518,0.0011245582092749278,0.0011245582092749278,0.001231658991110635,0.0029452715004819534,0.0027846203277283924,0.002838170718646246,0.009906822319802935,0.01810003213023455,0.04112670022491164,0.03213023455071222,0.0932312305879833,0.12450465888400986,0.2576309307057941,0.14581771446931563,0.1525650637249652,0.04423262289814715,0.023240869658348505,0.009050016065117275,0.014779907893327622,7.5,20,17.0,26,22.0,3.8,92
30,Floyd County,15523,45.2,50.2,49.8,5.4,2.6,94.0,2.4,0.2,0.0,12219,64.0,75,37813.0,40927.0,4872,0.03407224958949097,0.022167487684729065,0.007389162561576354,0.003694581280788177,0.004310344827586207,0.019499178981937603,0.0,0.02442528735632184,0.020525451559934318,0.04864532019704434,0.03201970443349754,0.025246305418719212,0.033866995073891626,0.14490968801313628,0.05582922824302135,0.11083743842364532,0.08004926108374384,0.14470443349753695,0.06609195402298851,0.043924466338259444,0.03797208538587849,0.014573070607553366,0.012110016420361249,0.004105090311986864,0.0,0.0090311986863711,7.6,10,27.0,29,31.0,4.0,65
31,Fluvanna County,26014,41.6,45.8,54.2,5.5,3.2,78.7,14.4,0.0,0.7,19857,61.0,161,42000.0,46200.0,8124,0.004923682914820286,0.007016248153618907,0.0072624322993599215,0.0,0.0007385524372230429,0.007508616445100935,0.0,0.008370260955194485,0.011693746922698178,0.001600196947316593,0.008862629246676515,0.0017232890201870998,0.006770064007877893,0.06782373215164944,0.06868537666174299,0.10290497291974397,0.14254062038404727,0.1654357459379616,0.12604628261939932,0.1328163466272772,0.0620384047267356,0.05563761693746923,0.001846381093057607,0.006154603643525357,0.0,0.001600196947316593,14.4,23,,28,21.0,3.6,59
32,Franklin County,56315,45.0,49.0,51.0,6.4,2.7,87.0,8.4,0.1,0.3,44356,71.0,281,36662.0,39162.0,17950,0.029749303621169915,0.013537604456824512,0.013147632311977716,0.014540389972144846,0.004456824512534819,0.007743732590529248,0.007298050139275766,0.013816155988857938,0.017604456824512536,0.013871866295264624,0.025403899721448468,0.034596100278551534,0.0498050139275766,0.09125348189415042,0.08122562674094708,0.11125348189415042,0.05860724233983287,0.09504178272980501,0.073983286908078,0.10033426183844012,0.048467966573816156,0.05459610027855153,0.023676880222841225,0.009637883008356546,0.0028969359331476323,0.0034540389972144846,11.8,24,22.0,29,35.0,4.4,104
33,Frederick County,81340,40.1,49.7,50.3,6.3,7.2,85.2,4.4,0.2,1.4,59655,60.34357005758157,521,40500.0,44528.0,23010,0.02937853107344633,0.010908300738809213,0.015862668405041285,0.009647979139504563,0.0025206431986093004,0.004997827031725337,0.001521077792264233,0.0041720990873533245,0.0038244241634072143,0.009213385484571925,0.012559756627553239,0.016688396349413298,0.018861364624076487,0.04906562364189483,0.05541069100391134,0.09491525423728814,0.09191655801825294,0.13537592351151673,0.14880486744893526,0.17392438070404173,0.06179921773142112,0.03389830508474576,0.009561060408518035,0.00343328987396784,0.0,0.001738374619730552,10.5,22,22.0,31,33.0,3.7,113
34,Giles County,16907,43.9,49.0,51.0,6.0,1.2,95.4,1.6,0.6,0.7,13321,61.6605504587156,109,34237.0,36237.0,5499,0.016002909619930897,0.01745771958537916,0.0014548099654482633,0.01618476086561193,0.009638116021094744,0.0009092562284051646,0.01691216584833606,0.02309510820149118,0.05110020003637025,0.06601200218221495,0.07655937443171486,0.09765411893071467,0.08328787052191307,0.1260229132569558,0.0851063829787234,0.09710856519367157,0.05091834879068922,0.060920167303146026,0.024549918166939442,0.040370976541189305,0.017639570831060193,0.008001454809965449,0.007637752318603383,0.0016366612111292963,0.0038188761593016913,0.0,16.6,25,23.0,34,46.0,4.3,113
35,Gloucester County,37001,43.6,49.4,50.6,6.2,3.0,85.3,8.1,0.2,0.5,29097,61.0,187,39108.0,43068.0,11282,0.025172841694734976,0.00611593689062223,0.0034568338946995214,0.001772735330615139,0.0028363765289842226,0.005318205991845418,0.015245523843290197,0.004697748626130119,0.002659102995922709,0.007179578088991313,0.008509129586952668,0.008952313419606452,0.0059386633575607166,0.042457011168232583,0.04573657152987059,0.0961708916858713,0.13162559829817408,0.17860308455947527,0.1521893281333097,0.16007800035454706,0.0389115405070023,0.03208650948413402,0.017638716539620635,0.0030136500620457367,0.002304555929799681,0.0013295514979613544,10.3,28,19.0,33,25.0,3.6,76
36,Goochland County,21721,47.2,49.4,50.6,5.9,2.3,77.3,17.7,0.2,1.0,17267,64.0,102,42850.0,44778.0,7088,0.01340293453724605,0.008182844243792325,0.0008465011286681715,0.008182844243792325,0.001128668171557562,0.0009875846501128669,0.0,0.010863431151241535,0.0012697516930022573,0.002257336343115124,0.00268058690744921,0.007759593679458239,0.005079006772009029,0.04049097065462754,0.0593961625282167,0.05798532731376975,0.06052483069977427,0.10482505643340857,0.08888261851015801,0.13727426636568849,0.10863431151241534,0.13840293453724606,0.07830135440180587,0.03343679458239278,0.020739277652370203,0.008465011286681716,7.3,18,14.0,26,14.0,4.0,106
37,Grayson County,15573,47.6,49.3,50.7,4.9,2.9,92.4,2.7,0.2,0.1,12604,66.0,74,33912.0,35916.0,5059,0.05040521842261316,0.018580747183237795,0.011860051393556038,0.029452460960664163,0.0203597548922712,0.02727811820517889,0.019964419845819332,0.035580154180668115,0.05020755089938723,0.060288594583909866,0.06878829808262503,0.09527574619490017,0.07728800158134018,0.10753113263490809,0.06463728009488041,0.08638070764973314,0.016801739474204387,0.0802530144297292,0.03577782170389405,0.028859458390986362,0.005930025696778019,0.004744020557422415,0.0,0.0017790077090334058,0.0,0.0019766752322593396,8.0,36,22.0,32,43.0,4.1,122
38,Greene County,18938,40.1,48.8,51.2,5.8,4.9,84.8,6.5,0.0,1.2,13856,63.0,131,42220.0,44220.0,5512,0.015783744557329463,0.01179245283018868,0.000181422351233672,0.003265602322206096,0.0,0.006712626995645864,0.001451378809869376,0.0023584905660377358,0.005986937590711176,0.0052612481857764876,0.00634978229317852,0.0,0.013969521044992743,0.051342525399129174,0.053519593613933235,0.08236574746008708,0.10849056603773585,0.15693033381712626,0.18359941944847605,0.18704644412191582,0.05097968069666183,0.03283744557329463,0.003809869375907112,0.015965166908563134,0.0,0.0,5.6,23,,29,33.0,3.3,172
39,Greensville County,11760,42.9,62.1,37.9,3.8,3.8,37.5,57.3,0.2,0.2,9635,79.0,77,39896.0,41996.0,2495,0.07615230460921844,0.012024048096192385,0.019238476953907815,0.006012024048096192,0.01843687374749499,0.0036072144288577155,0.0,0.04889779559118237,0.04649298597194389,0.03927855711422846,0.10300601202404809,0.03006012024048096,0.09859719438877755,0.09539078156312625,0.09739478957915831,0.11783567134268537,0.04008016032064128,0.09979959919839679,0.01002004008016032,0.028056112224448898,0.0036072144288577155,0.0,0.0008016032064128256,0.0,0.0,0.0052104208416833666,12.6,49,19.0,33,86.0,4.3,138
40,Halifax County,35506,45.3,47.6,52.4,6.1,1.9,59.9,36.7,0.1,0.6,27800,76.0,181,38085.0,40271.0,10344,0.046500386697602474,0.03557617942768755,0.005607115235885538,0.013534416086620264,0.010247486465583914,0.01131090487238979,0.006767208043310132,0.03692962103634957,0.04369682907965971,0.05984145398298531,0.06931554524361949,0.07762954369682908,0.0639984532095901,0.10054137664346481,0.09406419180201082,0.09077726218097448,0.0424400618716164,0.06303170920340294,0.04940061871616396,0.047757153905645784,0.013437741686001547,0.01459783449342614,0.0021268368136117557,0.0002900232018561485,0.0,0.000580046403712297,17.3,42,21.0,35,44.0,4.9,139
41,Hanover County,101340,41.9,49.0,51.0,7.5,2.5,84.7,9.2,0.1,1.5,76353,69.79447513812156,905,42462.0,45010.0,30348,0.01173059180176618,0.0026031369447739555,0.0028996968498747858,0.0017793594306049821,0.002339528140239884,0.0009885330170027679,0.0011862396204033216,0.0032292078555423752,0.003130354553842098,0.004283643073678661,0.0021747726374060894,0.0036575721629102413,0.007381046526954,0.012752075919335706,0.02810728878344537,0.07960985896928957,0.10514696190852775,0.20831685778304995,0.17292737577435086,0.20344009489916964,0.07222881244233557,0.04781204692236721,0.010214841175695268,0.007842361934888626,0.00092263081586925,0.003295110056675893,10.5,21,17.0,25,15.0,3.8,89
42,Henrico County,318864,37.9,47.2,52.8,6.2,5.3,55.4,29.2,0.3,7.3,225746,70.6170094496943,1799,42561.0,44604.0,78341,0.011552060862128387,0.003357118239491454,0.004518706679771767,0.0025784710432595957,0.0017104708900830983,0.0006127059904775278,7.658824880969097e-05,0.0004595294928581458,0.0024125298375052653,0.004263412517072797,0.008922530986328997,0.01450070844130149,0.015266590929398399,0.0648319526174034,0.09269731047599597,0.12026908004748471,0.09734366423711723,0.1678814413908426,0.11518872620977522,0.13483361202946095,0.062164128617199166,0.05386706832948265,0.01314764937899695,0.004442118430962076,0.0007914119043668067,0.0023104121724256774,8.5,34,17.0,28,25.0,4.0,161
43,Henry County,52580,46.0,48.1,51.9,5.5,5.2,70.6,22.1,0.0,0.5,40967,64.80701754385964,285,39492.0,41592.0,16711,0.05912273352881336,0.026629166417329903,0.016635748907904972,0.01478068338220334,0.009335168451917899,0.009215486805098438,0.007121057985757884,0.04117048650589432,0.059541619292681466,0.05170247142600682,0.07079169409371074,0.09825863203877686,0.06552570163365448,0.130153790916163,0.08359763030339297,0.09018012087846329,0.043264915325234875,0.05068517742804141,0.027706301238705044,0.019029381844294178,0.014122434324696308,0.005265992460056251,0.001496020585243253,0.004667584225958949,0.0,0.0,17.5,39,26.0,31,52.0,4.1,317
44,King George County,24933,36.6,50.2,49.8,7.7,4.2,74.0,17.5,0.1,1.3,18204,72.0,163,37087.0,39683.0,6120,0.01895424836601307,0.009477124183006535,0.006209150326797385,0.0022875816993464053,0.0029411764705882353,0.0,0.005555555555555556,0.006699346405228758,0.002777777777777778,0.003431372549019608,0.004411764705882353,0.006045751633986928,0.003431372549019608,0.015359477124183006,0.023856209150326796,0.059640522875817,0.052450980392156864,0.17941176470588235,0.14950980392156862,0.24362745098039215,0.09101307189542483,0.08202614379084967,0.024509803921568627,0.004411764705882353,0.00196078431372549,0.0,12.4,24,,29,31.0,3.8,100
45,King William County,16097,40.7,48.8,51.2,5.7,0.8,76.1,19.3,1.1,0.9,12151,71.0,84,42745.0,44865.0,4931,0.006286757250050699,0.0050699655242344354,0.005881160008111945,0.00040559724193875484,0.0,0.0006083958629081322,0.0,0.008111944838775096,0.007097951733928209,0.014398702088825797,0.0024335834516325287,0.012573514500101399,0.012776313121070776,0.06692354491989455,0.06347596836341513,0.14621780571892112,0.1571689312512675,0.17278442506590955,0.11863719326708579,0.10971405394443318,0.03731494625836544,0.03285337659703914,0.010139931048468871,0.00466436828229568,0.0,0.004461569661326303,13.7,29,20.0,32,27.0,3.2,73
46,Lancaster County,11129,55.6,47.1,52.9,4.3,1.6,69.0,28.0,0.0,0.4,9354,82.0,38,36753.0,38853.0,3874,0.02581311306143521,0.002581311306143521,0.015487867836861126,0.0,0.01574599896747548,0.0010325245224574084,0.0038719669592152815,0.0018069179143004647,0.013680949922560661,0.032266391326794014,0.01471347444501807,0.02710376871450697,0.02194114610221993,0.06943727413526071,0.0495611770779556,0.091636551368095,0.05782137325761487,0.09525038719669592,0.08802271553949406,0.09473412493546722,0.05317501290655653,0.10092927207021167,0.07046979865771812,0.027620030975735673,0.0074858027878162104,0.017811048012390293,9.0,57,,30,35.0,5.0,84
47,Lee County,25206,42.8,52.5,47.5,5.1,1.8,93.0,3.7,0.2,0.2,20178,44.42352941176471,85,35250.0,36500.0,6906,0.055748624384593104,0.032725166521865044,0.02331306110628439,0.0280915146249638,0.044309296264118156,0.026353895163625834,0.010280915146249637,0.054155806545033304,0.07153200115841298,0.07573124818997973,0.09223863307269041,0.05314219519258616,0.022733854619171736,0.09412105415580654,0.08094410657399363,0.05227338546191718,0.03142195192586157,0.04112366058499855,0.040544454097885894,0.04706052707790327,0.007529684332464524,0.01187373298580944,0.0,0.0027512308137851143,0.0,0.0,14.7,33,25.0,29,57.0,4.7,131
48,Loudoun County,351129,35.3,49.6,50.4,6.7,13.2,59.3,7.2,0.2,16.1,213498,71.26434231378764,3155,47975.0,53688.0,87461,0.009112633059306433,0.0008003567304284196,0.0007774893952733218,0.0012348360983752758,0.0005030813734121495,0.001920856153028207,0.000537382376144796,0.0010175964144018476,0.0018179531448302671,0.0006174180491876379,0.0013491727741507644,0.002298167183087319,0.0017722184745200718,0.007431883925406752,0.009867255119424658,0.015915665267948,0.016087170281611232,0.04735825110620734,0.07146042235968031,0.2158219091938121,0.17646722539188894,0.3090977692914556,0.07907524496632785,0.020340494620459403,0.0026983455483015287,0.0046192017013297355,6.6,15,10.0,22,12.0,3.2,88
49,Louisa County,33986,43.7,49.3,50.7,5.7,2.5,77.0,16.7,0.4,0.5,26224,66.0,159,42424.0,44173.0,10204,0.023324186593492748,0.01479811838494708,0.0055860446883575065,0.00382203057624461,0.003234025872206978,0.0015680125441003528,0.0,0.022148177185417485,0.014112112896903175,0.014406115248921991,0.012936103488827911,0.012152097216777734,0.026166209329674638,0.07497059976479811,0.08790670325362603,0.0964327714621717,0.11573892591140729,0.12014896119168954,0.10740885927087417,0.10613484907879263,0.03596628773030184,0.04498235985887887,0.03008624068992552,0.010780086240689926,0.0028420227361818894,0.012348098784790278,11.5,32,28.0,34,36.0,4.2,117
50,Lunenburg County,12558,44.7,52.5,47.5,4.7,4.0,60.0,33.8,0.1,0.3,9941,71.0,52,37037.0,39237.0,3326,0.019242333132892364,0.02826217678893566,0.027660853878532773,0.013529765484064944,0.023150932050511126,0.018641010222489478,0.01593505712567649,0.03517739025856885,0.052315093205051115,0.0550210463018641,0.08298256163559832,0.06644618159951894,0.03457606734816596,0.10222489476849068,0.08598917618761275,0.08719182200841852,0.057125676488274206,0.06223692122669874,0.057426337943475646,0.03156945279615153,0.010823812387251955,0.02164762477450391,0.00751653638003608,0.0,0.0,0.003307276007215875,7.4,41,21.0,30,50.0,4.6,172
51,Madison County,13147,44.6,48.4,51.6,6.5,2.1,85.3,8.3,0.0,0.0,10255,67.0,79,40000.0,42600.0,3635,0.012379642365887207,0.014305364511691884,0.0041265474552957355,0.0,0.0038514442916093533,0.0,0.0,0.0,0.003301237964236589,0.003576341127922971,0.013204951856946355,0.015130674002751032,0.016506189821182942,0.03851444291609354,0.0671251719394773,0.07620357634112793,0.06134800550206328,0.20687757909215956,0.09711141678129298,0.15845942228335627,0.06382393397524072,0.08060522696011004,0.007702888583218707,0.029160935350756534,0.02200825309491059,0.004676753782668501,9.7,33,31.0,32,31.0,4.6,90
52,Mathews County,8880,51.1,46.2,53.8,7.2,1.4,86.2,10.3,0.2,0.5,7339,63.0,59,38887.0,41387.0,3152,0.006979695431472081,0.00951776649746193,0.0038071065989847717,0.0038071065989847717,0.009200507614213198,0.005076142131979695,0.0,0.005076142131979695,0.0133248730964467,0.0034898477157360407,0.0,0.01967005076142132,0.0038071065989847717,0.08375634517766498,0.09137055837563451,0.07519035532994923,0.0625,0.10184010152284265,0.08724619289340102,0.11548223350253807,0.08565989847715735,0.1424492385786802,0.06440355329949239,0.0,0.0,0.006345177664974619,4.1,39,25.0,28,22.0,4.2,74
53,Mecklenburg County,31555,47.2,48.3,51.7,5.6,2.6,59.7,35.1,0.1,0.4,25133,75.2093023255814,172,36073.0,38473.0,9242,0.033758926639255574,0.01817788357498377,0.013092404241506168,0.016230253191949793,0.01817788357498377,0.011252975546418523,0.008872538411599221,0.02856524561783164,0.04263146505085479,0.04479549880978143,0.060484743561999565,0.04046743129192815,0.035490153646396884,0.1265959748972084,0.08071845920796364,0.10852629301017096,0.04750054100843973,0.07433455961913006,0.05713049123566328,0.06080934862583856,0.03094568275265094,0.028998052369616965,0.007898723220082234,0.003246050638389959,0.0,0.0012984202553559835,15.7,42,29.0,34,45.0,4.6,185
54,Middlesex County,10717,52.7,49.5,50.5,4.8,2.0,78.1,19.3,0.1,0.0,8993,45.0,47,38168.0,40168.0,3613,0.022142264046498755,0.00747301411569333,0.01882092443952394,0.0022142264046498754,0.0,0.0013838915029061722,0.0,0.010794353722668144,0.013838915029061722,0.008580127318018268,0.0066426792139496265,0.009133683919180737,0.012178245225574315,0.05618599501799059,0.06891779684472737,0.08580127318018267,0.06310545253252145,0.12316634375864932,0.08054248546913922,0.1206753390534182,0.11458621644063105,0.09521173539994464,0.050927207306947136,0.01882092443952394,0.004151674508718516,0.004705231109880985,6.4,28,34.0,26,28.0,4.6,97
55,Montgomery County,96467,27.5,51.8,48.2,11.0,3.0,84.5,4.1,0.2,6.1,75497,69.05882352941177,425,37011.0,39111.0,19093,0.03797203163463049,0.009584664536741214,0.007542031110878332,0.006704027654114073,0.011313046666317498,0.0028282616665793745,0.009689414968836747,0.0032996386110092702,0.008851411512072487,0.008641910647881423,0.022259466820300635,0.01293667836379825,0.01665531870318965,0.06824490651023936,0.07070654166448437,0.10506468339181899,0.08285759178756612,0.14445084585973916,0.11318284187922276,0.13193316922432305,0.05876499240559367,0.04855182527627926,0.014665060493374535,0.00261876080238831,0.0,0.0006808778086209605,8.1,26,14.0,26,13.0,6.0,117
56,Nelson County,14858,48.4,48.5,51.5,5.2,3.5,81.7,13.4,0.2,0.2,11616,52.0,67,44290.0,46865.0,4568,0.021015761821366025,0.010070052539404553,0.01138353765323993,0.014448336252189142,0.005035026269702277,0.0,0.0,0.008099824868651488,0.011821366024518389,0.04137478108581436,0.01838879159369527,0.042250437828371276,0.028239929947460597,0.048380035026269703,0.07574430823117338,0.09544658493870403,0.037215411558669004,0.1300350262697023,0.10551663747810858,0.10354640980735552,0.050350262697022766,0.08428196147110333,0.03940455341506129,0.002626970227670753,0.0,0.01532399299474606,4.0,47,27.0,28,34.0,4.7,70
57,New Kent County,19560,43.1,51.4,48.6,6.9,2.4,79.8,12.2,0.8,0.8,15146,67.0,123,37706.0,40307.0,6240,0.01746794871794872,0.0014423076923076924,0.01282051282051282,0.0020833333333333333,0.0016025641025641025,0.0011217948717948717,0.004967948717948718,0.0,0.009615384615384616,0.0019230769230769232,0.008173076923076924,0.009294871794871795,0.025,0.025,0.04487179487179487,0.05977564102564103,0.08493589743589744,0.2108974358974359,0.1778846153846154,0.1671474358974359,0.09166666666666666,0.028205128205128206,0.00641025641025641,0.0054487179487179484,0.0,0.0022435897435897434,7.5,30,32.0,32,21.0,3.3,125
58,Northampton County,12184,48.3,48.6,51.4,4.1,8.0,54.2,36.4,0.1,0.8,9423,58.0,36,35346.0,37468.0,3614,0.040398450470392915,0.008854454897620365,0.008024349750968456,0.00691754288876591,0.022966242390702822,0.0,0.0035971223021582736,0.00857775318206973,0.027393469839513004,0.02241283895960155,0.03431101272827892,0.06087437742114001,0.035694521306032095,0.11372440509131157,0.07415605976757056,0.07387935805201992,0.049529607083563916,0.07913669064748201,0.0653016048699502,0.10542335362479248,0.06281128942999446,0.0661317100166021,0.009131156613171001,0.012728278915329275,0.0,0.008024349750968456,11.4,47,23.0,31,57.0,7.0,147
59,Northumberland County,12304,55.1,48.3,51.7,4.5,0.5,70.1,28.6,0.5,0.1,10242,58.0,48,37920.0,39920.0,4906,0.017937219730941704,0.004484304932735426,0.0040766408479412965,0.010395434162250305,0.0024459845087647777,0.009172441907867916,0.0012229922543823889,0.004688136975132491,0.019771708112515288,0.016306563391765186,0.024256013045250713,0.027721157766000815,0.017937219730941704,0.07501019160211986,0.04993885038728088,0.06359559722788423,0.0631879331430901,0.10456583774969425,0.05584997961679576,0.12494904198940074,0.11333061557276804,0.12148389726865064,0.05951895637994293,0.006726457399103139,0.0,0.0014268242967794538,7.9,36,19.0,27,48.0,3.8,94
60,Nottoway County,15711,41.5,53.0,47.0,7.1,3.9,55.1,38.5,0.3,0.6,12202,68.0,72,39308.0,41508.0,3651,0.03204601479046836,0.0024650780608052587,0.018077239112571898,0.012325390304026294,0.010408107367844427,0.005477951246233908,0.01259928786633799,0.007121336620104081,0.036154478225143796,0.04437140509449466,0.04464530265680636,0.043549712407559574,0.06546151739249521,0.13612708846891264,0.09175568337441797,0.13366201040810738,0.054231717337715694,0.09668583949602849,0.08079978088195015,0.04272801972062449,0.01314708299096138,0.005477951246233908,0.0,0.003286770747740345,0.0,0.007395234182415777,20.6,46,20.0,34,52.0,4.5,154
61,Orange County,34596,42.6,48.9,51.1,6.2,4.1,79.4,12.7,0.2,1.0,26087,48.0,151,39050.0,41750.0,9669,0.010238907849829351,0.00444720239942083,0.0012410797393732546,0.0014479263626021306,0.0016547729858310063,0.003102699348433137,0.002999276036818699,0.0015513496742165685,0.003206122660047575,0.0027924294135898233,0.015927189988623434,0.0021718895439031957,0.02254628193194746,0.07146550832557659,0.0692936187816734,0.09721791291757162,0.0897714344813321,0.15844451339331886,0.1517219981383804,0.1413796669769366,0.05315958216982108,0.06019236735960285,0.014892956872479057,0.006101975385251836,0.005274588892336333,0.007756748371082842,12.2,30,19.0,33,34.0,4.1,81
62,Page County,23843,44.1,49.1,50.9,6.1,1.8,94.7,1.6,0.2,0.5,18776,71.36607142857143,112,39672.0,42712.0,6596,0.013038204972710734,0.01212856276531231,0.006367495451788963,0.022437841115827774,0.006519102486355367,0.0013644633110976349,0.0,0.007883565797453002,0.0027289266221952697,0.018950879320800484,0.006519102486355367,0.034869617950272894,0.0389630078835658,0.093844754396604,0.08323226197695573,0.14554275318374774,0.141146149181322,0.13887204366282596,0.08550636749545179,0.08035172832019406,0.02804730139478472,0.021983020012128564,0.005306246209824136,0.0030321406913280777,0.0013644633110976349,0.0,19.9,35,27.0,31,40.0,4.4,103
63,Patrick County,18264,48.0,49.3,50.7,5.9,2.7,90.0,6.4,0.2,0.1,14683,68.0,94,36256.0,38487.0,5974,0.02946099765651155,0.01757616337462337,0.012052226314027453,0.0286240374958152,0.025443588885169066,0.02996317375292936,0.005356545028456646,0.03632407097422163,0.05975895547371945,0.030967525945764983,0.04084365584198192,0.09926347505858721,0.03180448610646133,0.11868095078674255,0.08018078339471041,0.08788081687311684,0.05590893873451624,0.06796116504854369,0.06277201205222631,0.03967191161700703,0.015902243053230666,0.01021091396049548,0.006695681285570807,0.0035152326749246735,0.0,0.0031804486106461333,13.5,34,20.0,30,31.0,4.1,122
64,Pittsylvania County,62794,45.5,49.1,50.9,5.9,2.4,74.2,21.4,0.1,0.3,49485,68.63106796116504,412,38403.0,40276.0,20121,0.031062074449580042,0.014860096416679092,0.015108593012275733,0.008051289697331147,0.018537846031509368,0.022961085433129566,0.015357089607872371,0.02087371403011779,0.03185726355548929,0.04492818448387257,0.07758063714527111,0.07161671885095174,0.06262114209035337,0.135430644600169,0.10382187764027632,0.09189404105163759,0.05606083196660206,0.05894339247552308,0.03623080363799016,0.040902539635207,0.018040852840316087,0.010188360419462254,0.005168729188410119,0.00462203667809751,0.0009939863823865613,0.002286168679489091,9.9,31,23.0,33,32.0,4.3,73
65,Powhatan County,28207,43.7,53.7,46.3,7.2,2.0,83.4,12.2,0.3,0.5,22323,64.0,207,42000.0,44100.0,8499,0.0070596540769502295,0.003882809742322626,0.0,0.006000705965407695,0.0014119308153900459,0.001294269914107542,0.0,0.0004706436051300153,0.008236263089775268,0.006824332274385222,0.0022355571243675727,0.005412401458995176,0.004706436051300153,0.02917990351806095,0.041769619955288856,0.09365807742087304,0.05094717025532416,0.21579009295211202,0.1451935521826097,0.1908459818802212,0.09130485939522297,0.06518413931050712,0.014825273561595482,0.010942463819272856,0.0,0.0028238616307800918,15.4,16,25.0,31,13.0,3.8,67
66,Prince Edward County,23022,32.1,49.6,50.4,14.8,2.4,62.3,32.8,0.4,1.4,18899,48.0,84,38623.0,40783.0,4801,0.029785461362216204,0.011664236617371381,0.015413455530097896,0.011872526556967298,0.024786502811914184,0.0,0.0016663195167673402,0.019579254322016248,0.017912934805248908,0.023120183295146843,0.07144344928139972,0.036242449489689646,0.021662153717975422,0.10518641949593835,0.10372838991876693,0.09768798167048531,0.07977504686523641,0.08748177463028536,0.10789418871068528,0.07644240783170173,0.02582795250989377,0.010622786919391794,0.013747136013330555,0.006456988127473443,0.0,0.0,13.5,32,26.0,33,17.0,5.2,140
67,Prince George County,37380,37.1,54.7,45.3,6.8,7.1,56.4,31.1,0.6,2.0,28578,68.0,203,41903.0,43903.0,7835,0.03190810465858328,0.012763241863433313,0.007019783024888321,0.0014039566049776644,0.0024250159540523293,0.0056158264199106574,0.001021059349074665,0.0,0.007402680280791321,0.006636885768985322,0.0196553924696873,0.020676451818761966,0.01761327377153797,0.042629227823867265,0.0813018506700702,0.09993618379068284,0.11550733886407147,0.17664326738991704,0.12737715379706446,0.1410338225909381,0.04454371410338226,0.02373962986598596,0.003318442884492661,0.0026802807913209954,0.00204211869814933,0.005105296745373325,11.5,25,25.0,36,24.0,3.3,92
68,Prince William County,437271,34.0,49.8,50.2,6.9,21.5,46.3,19.7,0.3,7.7,271567,60.201950659781986,3486,46458.0,52031.0,97744,0.012287199214274023,0.001299312489769193,0.0015960058929448354,0.0019540841381568176,0.003222704206907841,0.0014527745948600425,0.00118677361270257,0.0016573907349811752,0.002128007857259781,0.001892699296120478,0.000818464560484531,0.002394008839417253,0.002793010312653462,0.016798985103945,0.021822311343918807,0.04005360942871174,0.044105009003110165,0.1315170240628581,0.1355479620232444,0.2277275331478147,0.1912035521361925,0.1332562612538877,0.01727983303322966,0.0037444753642167294,0.0006445408413815681,0.0016164675069569488,9.2,23,17.0,27,29.0,3.5,148
69,Pulaski County,34528,45.2,49.9,50.1,5.1,1.5,91.0,5.8,0.0,0.1,27731,62.0,155,37673.0,39871.0,10416,0.03052995391705069,0.008544546850998464,0.009600614439324117,0.0008640552995391706,0.013440860215053764,0.0037442396313364054,0.008352534562211982,0.04118663594470046,0.03417818740399386,0.04521889400921659,0.04925115207373272,0.033602150537634407,0.04694700460829493,0.12634408602150538,0.11232718894009217,0.10291858678955453,0.07018049155145929,0.10080645161290322,0.05241935483870968,0.0412826420890937,0.027361751152073732,0.026689708141321045,0.0034562211981566822,0.007104454685099846,0.0016321044546850998,0.0020161290322580645,11.8,37,31.0,32,50.0,4.2,192
70,Rappahannock County,7431,49.1,49.5,50.5,4.7,3.4,89.5,4.2,0.1,0.8,5849,80.0,25,40542.0,41485.0,2492,0.0,0.0,0.002407704654895666,0.0,0.0,0.0,0.0028089887640449437,0.0,0.009630818619582664,0.0,0.013242375601926164,0.009229534510433388,0.0020064205457463883,0.01565008025682183,0.0072231139646869984,0.0702247191011236,0.03691813804173355,0.09590690208667736,0.11597110754414125,0.17736757624398075,0.13001605136436598,0.09911717495987159,0.11637239165329052,0.04534510433386838,0.016051364365971106,0.03451043338683788,6.5,14,,26,22.0,4.9,72
71,Richmond County,8989,43.7,57.5,42.5,5.1,6.2,61.3,28.7,0.3,2.2,7125,55.0,44,38610.0,40710.0,2138,0.017305893358278764,0.0,0.009822263797942002,0.00420954162768943,0.002806361085126286,0.006548175865294668,0.0,0.0,0.01216089803554724,0.02478952291861553,0.055659494855004675,0.001403180542563143,0.0715622076707203,0.21421889616463985,0.07951356407857811,0.10336763330215154,0.040224508886810104,0.08840037418147802,0.0832553788587465,0.0912067352666043,0.05753040224508887,0.015902712815715623,0.005144995322731525,0.01028999064546305,0.0,0.004677268475210477,13.4,43,25.0,31,39.0,4.6,72
72,Roanoke County,93633,43.5,47.8,52.2,6.3,2.6,87.0,5.6,0.1,2.8,72244,68.34957020057307,698,36000.0,37605.0,28496,0.011861313868613138,0.004562043795620438,0.006351768669286917,0.0027723189219539582,0.0017546322290847838,0.0034390791690061765,0.0,0.0026319483436271756,0.004070746771476699,0.005334081976417743,0.012001684446939921,0.01193149915777653,0.018388545760808533,0.07446659180235822,0.12447361033127456,0.1511440202133633,0.11401600224592925,0.15700449185850646,0.12517546322290848,0.10057551937113982,0.0308464345873105,0.02137142055025267,0.007193992139247614,0.003123245367770915,0.002070466030320045,0.0034390791690061765,9.1,25,18.0,28,19.0,3.6,148
73,Rockbridge County,22444,48.3,49.5,50.5,5.1,1.5,93.2,2.8,0.1,0.7,18268,68.0,114,37957.0,40272.0,6927,0.035657571820412876,0.009672296809585678,0.006929406669553919,0.0023098022231846397,0.0008661758336942399,0.004763967085318319,0.01024974736538184,0.00996102208748376,0.014147538617005918,0.03334776959722824,0.018478417785477118,0.034358308069871515,0.042586978489966794,0.08271979211779991,0.07622347336509311,0.0772340118377364,0.07521293489244983,0.10018767143063376,0.09628988017900968,0.12545113324671575,0.04763967085318319,0.05991049516385159,0.025840912371878157,0.00996102208748376,0.0,0.0,10.0,20,18.0,27,40.0,4.2,81
74,Rockingham County,77785,41.5,49.0,51.0,7.1,5.9,90.3,1.8,0.1,0.7,57657,60.615925058548015,427,41700.0,44185.0,22449,0.022896342821506526,0.017372711479353202,0.014432714152078044,0.0069490845917412804,0.0026281794289277917,0.006013630896699185,0.0005345449685954831,0.0023163615305804267,0.009443627778520201,0.006770902935542786,0.0072609024900886455,0.023252706133903515,0.017550893135551696,0.06886721012071807,0.0781772016570894,0.12878079201746181,0.09728718428437792,0.15581985834558332,0.12018352710588445,0.11942625506704085,0.04824268341574235,0.026771793843823777,0.012116352621497618,0.003697269366118758,0.0015145440776872022,0.0016927257338856965,8.5,21,13.0,28,27.0,3.9,69
75,Russell County,28245,43.8,48.9,51.1,5.4,1.1,96.7,1.0,0.0,0.1,22427,54.6547619047619,168,31000.0,33000.0,8614,0.07429765498026468,0.024495008126306013,0.023334107267239376,0.02078012537729278,0.0175296029719062,0.01927095426050615,0.013930810308799628,0.045623403761318786,0.04910610633851869,0.05943812398421175,0.05038309728349199,0.06396563733457163,0.06257255630369167,0.09229161829579755,0.062456466217785,0.0821917808219178,0.06234037613187834,0.08439749245414442,0.028325980961225912,0.030763872765265845,0.01857441374506617,0.008938936614813094,0.0020896215463199444,0.0005804504295333178,0.0013930810308799629,0.0009287206872533086,16.6,28,25.0,35,46.0,5.1,130
76,Scott County,22570,45.4,50.4,49.6,5.4,1.2,97.0,0.8,0.1,0.3,18193,75.83333333333333,114,37285.0,39345.0,7289,0.0742214295513788,0.019069831252572368,0.026752640965838934,0.01673754973247359,0.014268075181780766,0.02332281520098779,0.004801756070791603,0.03086843188366031,0.05707230072712306,0.0491151049526684,0.08437371381533817,0.08725476745781315,0.06324598710385512,0.11304705720949376,0.06022774043078612,0.09480038414048567,0.04239264645356016,0.06159967073672657,0.04143229523940184,0.021127726711483056,0.0028810536424749623,0.0020578954589106874,0.0010975442447523666,0.006036493346138016,0.0012347372753464124,0.0009603512141583208,14.3,25,28.0,34,49.0,4.7,109
77,Shenandoah County,42724,43.8,48.5,51.5,5.7,6.8,89.1,2.1,0.1,0.5,32360,58.53636363636364,220,40250.0,43421.0,12417,0.012241282113231859,0.011274865104292502,0.004429411290972054,0.009825239590883467,0.002013368768623661,0.0011274865104292503,0.0047515502939518405,0.007972940323749698,0.006603849561085609,0.01038898284609809,0.0192478054280422,0.020697430941451236,0.029314649271160505,0.08311186276878473,0.0771522912136587,0.11822501409358138,0.08544737054038817,0.18241121043730368,0.11935250060401063,0.11137956028026093,0.04356930015301603,0.021100104695175967,0.008536683578964322,0.004832085044696787,0.0006442780059595716,0.004348876540227108,13.0,30,21.0,27,40.0,4.2,94
78,Smyth County,31734,44.3,48.9,51.1,5.7,1.8,94.5,2.1,0.1,0.3,25159,64.24074074074073,162,31500.0,34140.0,8942,0.049429657794676805,0.02135987474837844,0.01677477074479982,0.014649966450458511,0.009282039812122568,0.02449116528740774,0.02885260568105569,0.04081860881234623,0.055021248042943414,0.08320286289420711,0.0754864683515992,0.09036009841198837,0.06374412883023932,0.09349138895101768,0.062290315365690005,0.09617535227018564,0.03578617758890629,0.0556922388727354,0.023932006262581077,0.03198389622008499,0.007269067322746589,0.014649966450458511,0.0,0.0033549541489599644,0.0019011406844106464,0.0,12.8,36,22.0,31,59.0,4.4,193
79,Southampton County,18410,45.4,52.5,47.5,5.7,1.3,60.0,35.8,0.1,0.1,14689,61.0,104,39000.0,41000.0,4656,0.03350515463917526,0.012671821305841924,0.003436426116838488,0.008376288659793814,0.02104810996563574,0.012242268041237113,0.003865979381443299,0.01245704467353952,0.025987972508591067,0.024269759450171822,0.06507731958762887,0.037371134020618556,0.028350515463917526,0.0979381443298969,0.07560137457044673,0.0975085910652921,0.0897766323024055,0.13423539518900343,0.10674398625429553,0.08397766323024054,0.008805841924398625,0.013960481099656358,0.002147766323024055,0.0006443298969072165,0.0,0.0,13.8,34,20.0,34,30.0,4.3,136
80,Spotsylvania County,127691,36.7,49.1,50.9,7.3,8.3,70.6,15.6,0.3,2.5,90536,60.30010834236186,923,40402.0,43230.0,32589,0.020190861947282826,0.0062290957071404465,0.005185798889195741,0.0020865936358894104,0.0020865936358894104,0.003007149651722974,0.001779741630611556,0.0013808340237503453,0.006904170118751726,0.0036515388628064684,0.004541409678112247,0.013194636226947743,0.009358986160974561,0.036423333026481326,0.05317745251465218,0.08653226548835496,0.09220902758599528,0.15753781950965048,0.15357942864156618,0.1950351345546043,0.06950197919543404,0.05283991530884655,0.015496026266531652,0.0057074472981680936,0.0011046672190002762,0.0012580932216392034,10.3,27,16.0,32,28.0,3.7,215
81,Stafford County,137145,34.7,50.4,49.6,8.1,10.7,65.6,16.7,0.3,2.9,95373,62.78030919446705,1229,40000.0,44251.0,33314,0.010686197994837006,0.0037521762622320944,0.006723899861919913,0.0022813231674371137,0.003842228492525665,0.004232454823797803,0.0012907486342078405,0.0019211142462628324,0.00024013928078285405,0.0029417061895899623,0.003001741009785676,0.0026415320886113945,0.00342198475115567,0.015699105481179084,0.0235336495167197,0.04238458305817374,0.04901843068980009,0.14378339436873386,0.16275439755057933,0.299873926877589,0.12181065017710271,0.08032658942186469,0.00852494446779132,0.0031218106501771027,0.000750435252446419,0.0014408356846971244,7.3,21,17.0,35,21.0,3.4,146
82,Surry County,6823,47.5,49.1,50.9,6.0,1.6,52.0,44.5,0.2,0.8,5485,60.0,42,45598.0,48098.0,2134,0.03561387066541706,0.017338331771321464,0.0,0.009840674789128397,0.0009372071227741331,0.0018744142455482662,0.0,0.005154639175257732,0.023430178069353328,0.02858481724461106,0.02717900656044986,0.031865042174320526,0.019212746016869727,0.1021555763823805,0.11293345829428304,0.11012183692596064,0.10637300843486411,0.07122774133083412,0.1246485473289597,0.10262417994376757,0.039831302717900655,0.022492970946579195,0.0,0.004217432052483599,0.0023430178069353325,0.0,11.8,47,21.0,33,27.0,4.0,273
83,Sussex County,11864,38.5,68.5,31.5,2.1,3.3,38.5,55.8,0.3,0.1,9909,52.0,27,40531.0,42756.0,2061,0.043182920912178555,0.030082484230955848,0.0077632217370208634,0.035904900533721494,0.0,0.0048520135856380394,0.038330907326540514,0.037360504609412905,0.027656477438136828,0.034934497816593885,0.035904900533721494,0.036390101892285295,0.03784570596797671,0.09509946627850557,0.056283357593401265,0.096555070354197,0.08782144590004852,0.121300339640951,0.060164968461911696,0.08005822416302766,0.018922852983988356,0.0077632217370208634,0.0009704027171276079,0.0,0.0,0.0048520135856380394,9.8,49,,35,54.0,4.6,186
84,Tazewell County,43870,43.1,49.6,50.4,6.1,0.8,94.1,2.9,0.1,0.4,35017,55.08823529411765,204,35969.0,37758.0,13438,0.07158803393362108,0.03713350200922756,0.01227861288882274,0.013915761273999107,0.036389343652329216,0.01815746390831969,0.01458550379520762,0.029989581783003424,0.05223991665426403,0.04956094656942998,0.07679714243190951,0.07925286500967406,0.05878851019496949,0.10447983330852806,0.06861140050602768,0.07769013246018752,0.04472391724959071,0.0645929453787766,0.035273106116981694,0.02790593838368805,0.007515999404673315,0.007590415240363149,0.001116237535347522,0.006920672719154636,0.002902217591903557,0.0,11.9,26,21.0,30,49.0,4.9,134
85,Warren County,38481,40.4,50.1,49.9,6.5,3.9,87.9,4.0,0.2,1.0,29172,60.49230769230769,195,40655.0,42860.0,11020,0.02295825771324864,0.0012704174228675136,0.011433756805807622,0.0023593466424682396,0.0011796733212341198,0.0006352087114337568,0.0009074410163339383,0.003811252268602541,0.00852994555353902,0.008983666061705989,0.005263157894736842,0.021415607985480943,0.016152450090744102,0.05535390199637023,0.0779491833030853,0.13693284936479128,0.08049001814882033,0.16424682395644283,0.1352994555353902,0.14791288566243194,0.05344827586206897,0.030762250453720507,0.005535390199637023,0.005263157894736842,0.0019056261343012705,0.0,13.7,27,24.0,27,32.0,4.5,102
86,Washington County,54759,44.7,49.5,50.5,6.0,1.4,95.6,1.4,0.0,0.6,43902,59.057142857142864,280,35839.0,37924.0,17273,0.04764661610606148,0.013662942164071094,0.009494586927574827,0.011347189254906501,0.006542001968389973,0.011115613963990042,0.01181033983673942,0.02095756382793956,0.031146876628263764,0.04104672031494239,0.05065709488797545,0.06449371852023389,0.04509928790598043,0.11891391188560181,0.07653563364788978,0.09454061251664447,0.05470966247901349,0.10721935969432062,0.06692525907485672,0.057314884501823656,0.01951021825971169,0.01806287269148382,0.007584090777514039,0.007584090777514039,0.0,0.006078851386557054,15.6,29,24.0,32,45.0,4.1,104
87,Westmoreland County,17557,46.6,48.9,51.1,4.1,6.1,63.5,27.9,0.2,0.5,13759,51.0,41,38000.0,41150.0,5179,0.059470940335972194,0.01370921027225333,0.004634099246958873,0.0254875458582738,0.00791658621355474,0.0028963120293492954,0.0,0.0036686619038424407,0.0212396215485615,0.01061981077428075,0.006758061401815022,0.017184784707472485,0.01911565939370535,0.089013323035335,0.05927785286734891,0.10446032052519791,0.0820621741648967,0.11141146939563622,0.12048658042093068,0.11662483104846495,0.041899980691253134,0.05927785286734891,0.009654373431164317,0.004247924309712299,0.0034755744352191545,0.0054064491214520175,13.8,34,17.0,29,46.0,4.4,104
88,Wise County,40530,39.8,51.8,48.2,6.2,1.2,92.0,5.3,0.1,0.5,32082,53.629955947136565,227,34660.0,37660.0,10627,0.06445845487908158,0.02324268373012139,0.013926790251246823,0.024277783005551896,0.024560082807942033,0.019949186035569774,0.024748282676202125,0.04432106897525172,0.058624258963018726,0.07226874941187542,0.0787616448668486,0.06765785263950315,0.0483673661428437,0.10492142655500142,0.06662275336407264,0.0832784417050908,0.04112167121483015,0.04497976851416204,0.03622847464006775,0.025783381951632635,0.013738590382986731,0.00846899407170415,0.00338759762868166,0.0021642984849910606,0.004140397101722029,0.0,16.0,31,33.0,32,58.0,5.3,158
89,Wythe County,29190,43.6,49.2,50.8,5.6,1.1,94.1,3.6,0.1,0.7,23167,56.156565656565654,198,38100.0,40376.0,8270,0.023821039903264812,0.02418379685610641,0.004957678355501814,0.01185006045949214,0.010882708585247884,0.013059250302297461,0.002781136638452237,0.033736396614268443,0.028899637243047158,0.0313180169286578,0.05538089480048368,0.09238210399032648,0.0633615477629988,0.10810157194679565,0.09455864570737606,0.10822249093107618,0.07122128174123338,0.06614268440145103,0.05707376058041112,0.06529625151148731,0.013301088270858524,0.014510278113663845,0.0019347037484885128,0.0024183796856106408,0.0,0.0006045949214026602,10.6,32,24.0,30,46.0,4.3,109
90,York County,66471,39.5,49.1,50.9,7.6,5.5,72.8,13.0,0.2,5.2,48178,68.45927209705373,577,42261.0,45085.0,17512,0.021128369118318866,0.0021699406121516674,0.0015417999086340794,0.0017702147099132024,0.002055733211512106,0.0014846962083142987,0.001427592507994518,0.0013133851073549566,0.0013133851073549566,0.0015989036089538603,0.002626770214709913,0.0023983554134307905,0.003483325719506624,0.02381224303334856,0.027866605756052994,0.044426678848789404,0.04396984924623116,0.12819780721790772,0.15292370945637276,0.2730127912288716,0.14864093193238923,0.08953860210141618,0.013819095477386936,0.0051964367291000456,0.0023412517131110094,0.0019415258108725446,7.6,22,8.0,28,11.0,3.7,121
